user_id,name,email,password
U1,Ayşe,ayşe@example.com,R8XUKhcV
U2,Ali,ali@example.com,85vpGLCq
U3,Deniz,deniz@example.com,lqETUO3T
U4,Fatma,fatma@example.com,f0t6QLQ9
U5,Mehmet,mehmet@example.com,xVZ7v5Gz
U6,Zeynep,zeynep@example.com,AjKSHUBx
U7,Mustafa,mustafa@example.com,brWK3raN
U8,Emre,emre@example.com,HYwHxPIJ
U9,Burak,burak@example.com,wyn5rIqu
U10,Ceren,ceren@example.com,EQyOyxKS
U11,Selin,selin@example.com,nlYY38xG
U12,Can,can@example.com,JxdWNeEn
U13,Kemal,kemal@example.com,qRyJ6zea
U14,Elif,elif@example.com,f4jB4SuZ
U15,Hakan,hakan@example.com,RmA4YoHO
U16,Gizem,gizem@example.com,SXq5T0X7
U17,Ozan,ozan@example.com,PeOS1BCM
U18,Pınar,pınar@example.com,DhmD4jto
U19,Mert,mert@example.com,U1yCb1lM
U20,Buse,buse@example.com,VvExHD9F
U21,Tuna,tuna@example.com,n07yVQeL
U22,Derya,derya@example.com,rXOnQM29
U23,Onur,onur@example.com,0cdz6WP0
U24,Gamze,gamze@example.com,ajEOVXlM
U25,Barış,barış@example.com,oFBFgPE7
U26,Ece,ece@example.com,WRSwHApt
U27,Umut,umut@example.com,MJBYCXF4
U28,Seda,seda@example.com,wEDFY66Y
U29,Yusuf,yusuf@example.com,m6OlV5Ln
U30,Esra,esra@example.com,DW5qjwoe
U31,Arda,arda@example.com,Nk5l2wpW
U32,Nazlı,nazlı@example.com,XWm9jA8p
U33,Kerem,kerem@example.com,c36h1NBF
U34,Aslı,aslı@example.com,jRHQYJSf
U35,Murat,murat@example.com,kxxXhIOx
U36,İpek,i̇pek@example.com,E0RkE3yk
U37,Serkan,serkan@example.com,mKYp9Szc
U38,Hande,hande@example.com,JqppPn42
U39,Tolga,tolga@example.com,UhtKptyp
U40,Begüm,begüm@example.com,L5ADqTgp